,0,1,2,3,4,5
0,datetime,symbol,name,qty,price,%
1,2019-10-14,ADVANC,บริษัท  อินทัช โฮลดิ้งส์ จำกัด (มหาชน),"1,202,712,000",229.00,40.45
2,2019-10-14,ADVANC,SINGTEL STRATEGIC INVESTMENTS PTE LTD.,"693,359,000",229.00,23.32
3,2019-10-14,ADVANC,บริษัท  ไทยเอ็นวีดีอาร์ จำกัด,"194,433,111",229.00,6.54
4,2019-10-14,ADVANC,SOUTH EAST ASIA UK (TYPE C) NOMINEES LIMITED,"104,875,677",229.00,3.53
5,2019-10-14,ADVANC,สำนักงานประกันสังคม,"83,327,800",229.00,2.80
6,2019-10-14,ADVANC,STATE STREET EUROPE LIMITED,"64,711,718",229.00,2.18
7,2019-10-14,ADVANC,GIC PRIVATE LIMITED,"20,431,500",229.00,0.69
8,2019-10-14,ADVANC,STATE STREET BANK AND TRUST COMPANY,"18,812,113",229.00,0.63
9,2019-10-14,AOT,กระทรวงการคลัง,"10,000,000,000",75.00,70.00
10,2019-10-14,AOT,บริษัท  ไทยเอ็นวีดีอาร์ จำกัด,"641,028,434",75.00,4.49
11,2019-10-14,AOT,SOUTH EAST ASIA UK (TYPE C) NOMINEES LIMITED,"394,568,386",75.00,2.76
12,2019-10-14,AOT,STATE STREET EUROPE LIMITED,"238,587,771",75.00,1.67
13,2019-10-14,AOT,สำนักงานประกันสังคม,"165,071,600",75.00,1.16
14,2019-10-14,BANPU,บริษัท  ไทยเอ็นวีดีอาร์ จำกัด,"510,308,177",12.30,9.89
15,2019-10-14,BANPU,บริษัท  น้ำตาลมิตรผล จำกัด,"288,309,528",12.30,5.59
16,2019-10-14,BANPU,SOUTH EAST ASIA UK (TYPE C) NOMINEES LIMITED,"134,984,597",12.30,2.62
17,2019-10-14,BANPU,นาย อิสระ ว่องกุศลกิจ,"118,508,880",12.30,2.30
18,2019-10-14,BANPU,สำนักงานประกันสังคม,"117,799,400",12.30,2.28
19,2019-10-14,BANPU,STATE STREET EUROPE LIMITED,"115,264,306",12.30,2.23
20,2019-10-14,BANPU,บริษัท  ทีเอ็มอี แคปิตอล จำกัด,"98,943,700",12.30,1.92
21,2019-10-14,BANPU,นาย กมล ว่องกุศลกิจ,"94,292,420",12.30,1.83
22,2019-10-14,BANPU,"CREDIT SUISSE AG, SINGAPORE BRANCH","73,601,950",12.30,1.43
23,2019-10-14,BANPU,THE BANK OF NEW YORK (NOMINEES) LIMITED,"73,183,144",12.30,1.42
24,2019-10-14,BBL,บริษัท  ไทยเอ็นวีดีอาร์ จำกัด,"593,959,154",169.50,31.12
25,2019-10-14,BBL,SOUTH EAST ASIA UK (TYPE C) NOMINEES LIMITED,"77,555,250",169.50,4.06
26,2019-10-14,BBL,สำนักงานประกันสังคม,"65,464,800",169.50,3.43
27,2019-10-14,BBL,บริษัท  ศูนย์รับฝากหลักทรัพย์ (ประเทศไทย) จำกัด เพื่อผู้ฝาก,"47,544,315",169.50,2.49
28,2019-10-14,BBL,THE BANK OF NEW YORK MELLON,"41,333,600",169.50,2.17
29,2019-10-14,BBL,STATE STREET EUROPE LIMITED,"35,686,774",169.50,1.87
30,2019-10-14,BBL,UOB KAY HIAN (HONG KONG) LIMITED - Client Account,"34,817,270",169.50,1.82
31,2019-10-14,BBL,บริษัท  กรุงเทพประกันภัย จำกัด (มหาชน),"34,097,030",169.50,1.79
32,2019-10-14,BBL,STATE STREET BANK AND TRUST COMPANY,"25,690,400",169.50,1.35
33,2019-10-14,BBL,MORGAN STANLEY & CO. INTERNATIONAL PLC,"25,421,229",169.50,1.33
34,2019-10-14,BDMS,นาย ปราเสริฐ ปราสาททองโอสถ,"2,647,168,140",23.40,16.66
35,2019-10-14,BDMS,บริษัท  ไทยเอ็นวีดีอาร์ จำกัด,"1,267,814,809",23.40,7.98
36,2019-10-14,BDMS,บริษัท  วิริยะประกันภัย จำกัด (มหาชน),"948,283,830",23.40,5.97
37,2019-10-14,BDMS,บริษัท  การบินกรุงเทพ จำกัด (มหาชน),"918,418,690",23.40,5.78
38,2019-10-14,BDMS,สำนักงานประกันสังคม,"646,754,600",23.40,4.07
39,2019-10-14,BDMS,น.ส. ปรมาภรณ์ ปราสาททองโอสถ,"558,377,610",23.40,3.51
40,2019-10-14,BDMS,SOUTH EAST ASIA UK (TYPE C) NOMINEES LIMITED,"399,694,364",23.40,2.52
41,2019-10-14,BDMS,นาย จิโรจน์ สุชาโต,"374,001,090",23.40,2.35
42,2019-10-14,BDMS,STATE STREET EUROPE LIMITED,"315,054,657",23.40,1.98
43,2019-10-14,BDMS,นาย อิทธิ ทองแตง,"298,971,344",23.40,1.88
44,2019-10-14,BEM,บริษัท  ช.การช่าง จำกัด (มหาชน),"4,787,121,829",10.80,31.32
45,2019-10-14,BEM,การรถไฟฟ้าขนส่งมวลชนแห่งประเทศไทย,"1,256,259,584",10.80,8.22
46,2019-10-14,BEM,บริษัท  ไทยเอ็นวีดีอาร์ จำกัด,"1,074,957,976",10.80,7.03
47,2019-10-14,BEM,ธนาคาร  กรุงไทย จำกัด (มหาชน),"1,047,025,175",10.80,6.85
48,2019-10-14,BEM,นาย วิชัย วชิรพงศ์,"390,678,757",10.80,2.56
49,2019-10-14,BEM,STATE STREET EUROPE LIMITED,"314,102,298",10.80,2.05
50,2019-10-14,BEM,ธนาคาร  กรุงเทพ จำกัด (มหาชน),"303,448,709",10.80,1.99
51,2019-10-14,BEM,สำนักงานประกันสังคม,"296,545,458",10.80,1.94
52,2019-10-14,BEM,SOUTH EAST ASIA UK (TYPE C) NOMINEES LIMITED,"282,104,674",10.80,1.85
53,2019-10-14,BEM,นาย มิน เธียรวร,"204,000,000",10.80,1.33
54,2019-10-14,BGRIM,B. Grimm Power (Singapore) Pte. Ltd.,"886,002,000",48.00,33.99
55,2019-10-14,BGRIM,นาย ฮาราลด์ ลิงค์,"633,399,700",48.00,24.30
56,2019-10-14,BGRIM,บริษัท  บี.กริม จอยน์ เว็นเจอร์ โฮลดิ้ง จำกัด,"235,997,750",48.00,9.05
57,2019-10-14,BGRIM,ASIAN DEVELOPMENT BANK,"123,000,000",48.00,4.72
58,2019-10-14,BGRIM,กองทุนเปิด  บัวหลวงหุ้นระยะยาว,"45,092,700",48.00,1.73
59,2019-10-14,BGRIM,น.ส. คาโรลีนโมนิคมารีครีสตีน ลิงค์,"28,350,000",48.00,1.09
60,2019-10-14,BGRIM,บริษัท  ไทยประกันชีวิต จำกัด (มหาชน),"27,691,500",48.00,1.06
61,2019-10-14,BGRIM,บริษัท  เมืองไทยประกันชีวิต จำกัด (มหาชน),"25,508,900",48.00,0.98
62,2019-10-14,BGRIM,บริษัท  ไทยเอ็นวีดีอาร์ จำกัด,"20,471,158",48.00,0.79
63,2019-10-14,BGRIM,SOUTH EAST ASIA UK (TYPE C) NOMINEES LIMITED,"20,448,401",48.00,0.78
64,2019-10-14,BH,บริษัท  กรุงเทพดุสิตเวชการ จำกัด (มหาชน),"181,660,706",124.00,24.92
65,2019-10-14,BH,บริษัท  กรุงเทพประกันภัย จำกัด (มหาชน),"106,760,417",124.00,14.65
66,2019-10-14,BH,UOB KAY HIAN (HONG KONG) LIMITED - Client Account,"61,509,565",124.00,8.44
67,2019-10-14,BH,บริษัท  ไทยเอ็นวีดีอาร์ จำกัด,"60,738,011",124.00,8.33
68,2019-10-14,BH,บริษัท  วัฒนโสภณพนิช จำกัด,"26,138,875",124.00,3.59
69,2019-10-14,BH,สำนักงานประกันสังคม,"24,499,900",124.00,3.36
70,2019-10-14,BH,SOUTH EAST ASIA UK (TYPE C) NOMINEES LIMITED,"13,963,283",124.00,1.92
71,2019-10-14,BH,GIC PRIVATE LIMITED,"12,655,483",124.00,1.74
72,2019-10-14,BH,STATE STREET EUROPE LIMITED,"12,305,427",124.00,1.69
73,2019-10-14,BH,บริษัท  บริหารสินทรัพย์ทวี จำกัด,"11,381,614",124.00,1.56
74,2019-10-14,BJC,บริษัท  ทีซีซี คอร์ปอเรชั่น จำกัด,"2,675,730,550",51.25,66.80
75,2019-10-14,BJC,UBS AG SINGAPORE BRANCH,"222,000,000",51.25,5.54
76,2019-10-14,BJC,บริษัท  ไทยเอ็นวีดีอาร์ จำกัด,"144,868,123",51.25,3.62
77,2019-10-14,BJC,DBS BANK LTD,"92,448,000",51.25,2.31
78,2019-10-14,BJC,กองทุนเปิด  บัวหลวงหุ้นระยะยาว,"68,735,750",51.25,1.72
79,2019-10-14,BJC,บริษัท  สหหมิงฮั้วพาณิชย์ จำกัด,"62,500,000",51.25,1.56
80,2019-10-14,BJC,SOUTH EAST ASIA UK (TYPE C) NOMINEES LIMITED,"38,736,629",51.25,0.97
81,2019-10-14,BJC,กองทุนเปิด  บัวหลวงหุ้นระยะยาว 75/25,"37,205,100",51.25,0.93
82,2019-10-14,BJC,สำนักงานประกันสังคม,"32,480,900",51.25,0.81
83,2019-10-14,BJC,THE BANK OF NEW YORK MELLON,"24,470,000",51.25,0.61
84,2019-10-14,BPP,บริษัท  บ้านปู จำกัด (มหาชน),"2,397,199,497",18.50,78.57
85,2019-10-14,BPP,กองทุนเปิด  บัวหลวงหุ้นระยะยาว,"47,489,500",18.50,1.56
86,2019-10-14,BPP,นาย วิทิต พงศ์พิโรดม,"22,150,001",18.50,0.73
87,2019-10-14,BPP,กองทุนเปิด  บัวหลวงหุ้นระยะยาว 75/25,"20,426,400",18.50,0.67
88,2019-10-14,BPP,SOUTH EAST ASIA UK (TYPE C) NOMINEES LIMITED,"16,143,636",18.50,0.53
89,2019-10-14,BTS,นาย คีรี กาญจนพาสน์,"3,099,221,052",13.50,24.68
90,2019-10-14,BTS,บริษัท  ไทยเอ็นวีดีอาร์ จำกัด,"1,233,828,930",13.50,9.83
91,2019-10-14,BTS,นาย กวิน กาญจนพาสน์,"602,705,195",13.50,4.80
92,2019-10-14,BTS,ธนาคาร  กรุงเทพ จำกัด (มหาชน),"545,466,733",13.50,4.34
93,2019-10-14,BTS,"CREDIT SUISSE AG, SINGAPORE BRANCH","538,011,200",13.50,4.28
94,2019-10-14,BTS,บริษัท  เค ทู เจ โฮลดิ้ง จำกัด,"360,000,000",13.50,2.87
95,2019-10-14,BTS,UBS AG HONG KONG BRANCH,"350,000,000",13.50,2.79
96,2019-10-14,BTS,สำนักงานประกันสังคม,"308,758,900",13.50,2.46
97,2019-10-14,BTS,SOUTH EAST ASIA UK (TYPE C) NOMINEES LIMITED,"263,247,687",13.50,2.10
98,2019-10-14,BTS,STATE STREET EUROPE LIMITED,"161,516,725",13.50,1.29
99,2019-10-14,CBG,บริษัท  เสถียรธรรมโฮลดิ้ง จำกัด,"250,064,500",79.00,25.01
100,2019-10-14,CBG,น.ส. ณัฐชไม ถนอมบูรณ์เจริญ,"210,000,000",79.00,21.00
101,2019-10-14,CBG,นาย ยืนยง โอภากุล,"70,480,000",79.00,7.05
102,2019-10-14,CBG,นาย เสถียร เศรษฐสิทธิ์,"48,474,100",79.00,4.85
103,2019-10-14,CBG,บริษัท  ไทยเอ็นวีดีอาร์ จำกัด,"36,820,283",79.00,3.68
104,2019-10-14,CBG,นาย ประชา ดำรงค์สุทธิพงศ์,"29,054,200",79.00,2.91
105,2019-10-14,CBG,นาง ลินจง โอภากุล,"26,145,800",79.00,2.61
106,2019-10-14,CBG,UBS AG SINGAPORE BRANCH,"25,161,400",79.00,2.52
107,2019-10-14,CBG,นาง จารุณี ชินวงศ์วรกุล,"24,246,600",79.00,2.42
108,2019-10-14,CBG,Northend Investment Limited,"20,000,000",79.00,2.00
109,2019-10-14,CPALL,บริษัท  ซี.พี.เมอร์แชนไดซิ่ง จำกัด,"2,723,884,000",81.00,30.32
110,2019-10-14,CPALL,บริษัท  ไทยเอ็นวีดีอาร์ จำกัด,"809,566,015",81.00,9.01
111,2019-10-14,CPALL,SOUTH EAST ASIA UK (TYPE C) NOMINEES LIMITED,"632,696,984",81.00,7.04
112,2019-10-14,CPALL,STATE STREET EUROPE LIMITED,"302,028,149",81.00,3.36
113,2019-10-14,CPALL,บริษัท  ยู เอ็น เอส อโกรเคมีคัล จำกัด,"180,000,000",81.00,2.00
114,2019-10-14,CPALL,SE ASIA (TYPE B) NOMINEES LLC,"147,583,092",81.00,1.64
115,2019-10-14,CPALL,UBS AG LONDON BRANCH,"143,008,158",81.00,1.59
116,2019-10-14,CPALL,GIC PRIVATE LIMITED,"132,549,641",81.00,1.48
117,2019-10-14,CPALL,BNY MELLON NOMINEES LIMITED,"125,728,541",81.00,1.40
118,2019-10-14,CPALL,SOUTH EAST ASIA UK (TYPE A) NOMINEES LIMITED,"125,436,530",81.00,1.40
119,2019-10-14,CPF,บริษัท  เครือเจริญโภคภัณฑ์ จำกัด,"2,113,315,835",26.50,24.54
120,2019-10-14,CPF,UBS AG LONDON BRANCH,"882,749,107",26.50,10.25
121,2019-10-14,CPF,บริษัท  เจริญโภคภัณฑ์โฮลดิ้ง จำกัด,"787,319,960",26.50,9.14
122,2019-10-14,CPF,บริษัท  ไทยเอ็นวีดีอาร์ จำกัด,"774,520,758",26.50,8.99
123,2019-10-14,CPF,GIC PRIVATE LIMITED,"335,231,332",26.50,3.89
124,2019-10-14,CPF,สำนักงานประกันสังคม,"302,520,000",26.50,3.51
125,2019-10-14,CPF,บริษัท  ซีพีเอฟ (ประเทศไทย) จำกัด (มหาชน),"244,631,928",26.50,2.84
126,2019-10-14,CPF,STATE STREET EUROPE LIMITED,"200,202,750",26.50,2.32
127,2019-10-14,CPF,UBS AG HONG KONG BRANCH,"175,225,373",26.50,2.03
128,2019-10-14,CPF,WORTH ACCESS TRADING LIMITED,"145,922,200",26.50,1.69
129,2019-10-14,CPN,บริษัท  เซ็นทรัลโฮลดิ้ง จำกัด,"1,176,343,960",63.00,26.21
130,2019-10-14,CPN,บริษัท  ไทยเอ็นวีดีอาร์ จำกัด,"272,728,788",63.00,6.08
131,2019-10-14,CPN,SOUTH EAST ASIA UK (TYPE C) NOMINEES LIMITED,"144,153,781",63.00,3.21
132,2019-10-14,CPN,STATE STREET EUROPE LIMITED,"135,862,915",63.00,3.03
133,2019-10-14,CPN,สำนักงานประกันสังคม,"96,145,200",63.00,2.14
134,2019-10-14,CPN,BBHISL NOMINEES LIMITED,"94,089,000",63.00,2.10
135,2019-10-14,CPN,BANK OF SINGAPORE LIMITED-SEG,"79,490,020",63.00,1.77
136,2019-10-14,CPN,"CREDIT SUISSE AG, HONG KONG BRANCH","74,906,560",63.00,1.67
137,2019-10-14,CPN,UBS AG SINGAPORE BRANCH,"65,893,600",63.00,1.47
138,2019-10-14,CPN,BANK OF SINGAPORE LIMITED-THB SEG AC,"57,850,648",63.00,1.29
139,2019-10-14,DELTA,Delta Electronics Int`l (Singapore) Pte. Ltd,"534,479,306",52.50,42.85
140,2019-10-14,DELTA,CITI (NOMINEES) LIMITED-CBHK-PBGSG-RESTRICTED SHARES,"364,829,870",52.50,29.25
141,2019-10-14,DELTA,DELTA ELECTRONICS INC.,"69,128,140",52.50,5.54
142,2019-10-14,DELTA,"THE HONGKONG AND SHANGHAI BANKING CORPORATION LIMITED, HONGKONG BRANCH","60,200,000",52.50,4.83
143,2019-10-14,DELTA,RAFFLES NOMINEES (PTE) LIMITED,"57,505,000",52.50,4.61
144,2019-10-14,DELTA,UBS AG HONG KONG BRANCH,"54,760,000",52.50,4.39
145,2019-10-14,DELTA,บริษัท  ไทยเอ็นวีดีอาร์ จำกัด,"25,732,463",52.50,2.06
146,2019-10-14,DELTA,RBC INVESTOR SERVICES TRUST,"16,888,540",52.50,1.35
147,2019-10-14,DTAC,TELENOR ASIA PTE LTD,"1,009,172,497",60.25,42.62
148,2019-10-14,DTAC,บริษัท  ไทย เทลโค โฮลดิ้งส์ จำกัด,"531,001,300",60.25,22.43
149,2019-10-14,DTAC,บริษัท  ไทยเอ็นวีดีอาร์ จำกัด,"249,609,343",60.25,10.54
150,2019-10-14,DTAC,บริษัท  ทีโอที จำกัด (มหาชน),"132,145,250",60.25,5.58
151,2019-10-14,DTAC,สำนักงานประกันสังคม,"53,459,600",60.25,2.26
152,2019-10-14,DTAC,STATE STREET EUROPE LIMITED,"22,898,098",60.25,0.97
153,2019-10-14,DTAC,กองทุนเปิด  กรุงศรีหุ้นระยะยาวปันผล,"19,368,700",60.25,0.82
154,2019-10-14,EA,UBS AG SINGAPORE BRANCH,"901,298,593",51.25,24.16
155,2019-10-14,EA,นาย สมโภชน์ อาหุนัย,"876,436,386",51.25,23.50
156,2019-10-14,EA,SOTUS & FAITH # 1 LIMITED,"200,000,000",51.25,5.36
157,2019-10-14,EA,นาง มุกดา บุญเสี่ยง,"167,741,043",51.25,4.50
158,2019-10-14,EA,บริษัท  ไทยเอ็นวีดีอาร์ จำกัด,"163,233,820",51.25,4.38
159,2019-10-14,EA,นาย ลุชัย ภุขันอนันต์,"145,607,408",51.25,3.90
160,2019-10-14,EA,นาย อมร ทรัพย์ทวีกุล,"99,968,316",51.25,2.68
161,2019-10-14,EA,น.ส. พลอยส่องแสง นพรัมภา,"68,970,700",51.25,1.85
162,2019-10-14,EA,SOUTH EAST ASIA UK (TYPE C) NOMINEES LIMITED,"56,012,650",51.25,1.50
163,2019-10-14,EA,นาย สมเกียรติ ธนัตถ์เจริญกุล,"55,473,800",51.25,1.49
164,2019-10-14,EGCO,การไฟฟ้าฝ่ายผลิตแห่งประเทศไทย,"133,773,662",360.00,25.41
165,2019-10-14,EGCO,TEPDIA Generating B.V.,"126,054,178",360.00,23.94
166,2019-10-14,EGCO,บริษัท  ไทยเอ็นวีดีอาร์ จำกัด,"61,956,023",360.00,11.77
167,2019-10-14,EGCO,STATE STREET EUROPE LIMITED,"13,627,755",360.00,2.59
168,2019-10-14,EGCO,สำนักงานประกันสังคม,"12,529,500",360.00,2.38
169,2019-10-14,EGCO,กองทุนเปิด  บัวหลวงหุ้นระยะยาว,"10,336,400",360.00,1.96
170,2019-10-14,EGCO,SOUTH EAST ASIA UK (TYPE C) NOMINEES LIMITED,"9,357,120",360.00,1.78
171,2019-10-14,EGCO,กองทุนเปิด  บัวหลวงหุ้นระยะยาว 75/25,"5,409,400",360.00,1.03
172,2019-10-14,EGCO,NORTRUST NOMINEES LTD-CL AC,"4,849,912",360.00,0.92
173,2019-10-14,EGCO,นาย สุวรรณ ไอศุริยกรเทพ,"4,588,000",360.00,0.87
174,2019-10-14,GLOBAL,บริษัท  เอสซีจี ดิสทริบิวชั่น จำกัด,"1,201,047,160",15.30,30.02
175,2019-10-14,GLOBAL,น.ส. กุณฑี สุริยวนากุล,"470,508,986",15.30,11.76
176,2019-10-14,GLOBAL,นาย เกรียงไกร สุริยวนากุล,"464,844,750",15.30,11.62
177,2019-10-14,GLOBAL,บริษัท  ไทยเอ็นวีดีอาร์ จำกัด,"216,574,841",15.30,5.41
178,2019-10-14,GLOBAL,นาย ก้องภพ สุริยวนากุล,"157,522,496",15.30,3.94
179,2019-10-14,GLOBAL,น.ส. ชามา สุริยวนากุล,"156,187,500",15.30,3.90
180,2019-10-14,GLOBAL,ด.ช. กอกฤษต สุริยวนากุล,"155,039,062",15.30,3.87
181,2019-10-14,GLOBAL,สำนักงานประกันสังคม,"109,900,725",15.30,2.75
182,2019-10-14,GLOBAL,นาย เจียรนัย เลิศรัชต์กุล,"77,683,110",15.30,1.94
183,2019-10-14,GLOBAL,นาย บุญยง ธัญญะวุฒิ,"47,663,228",15.30,1.19
184,2019-10-14,GPSC,บริษัท  พีทีที โกลบอล เคมิคอล จำกัด (มหาชน),"340,565,223",78.50,22.73
185,2019-10-14,GPSC,บริษัท  ปตท. จำกัด (มหาชน),"338,266,861",78.50,22.58
186,2019-10-14,GPSC,บริษัท  ไทยออยล์เพาเวอร์ จำกัด,"311,425,457",78.50,20.79
187,2019-10-14,GPSC,บริษัท  ไทยออยล์ จำกัด (มหาชน),"133,468,059",78.50,8.91
188,2019-10-14,GPSC,บริษัท  ไทยเอ็นวีดีอาร์ จำกัด,"32,693,903",78.50,2.18
189,2019-10-14,GPSC,สำนักงานประกันสังคม,"24,970,400",78.50,1.67
190,2019-10-14,GPSC,กองทุนเปิด  บัวหลวงหุ้นระยะยาว,"16,039,700",78.50,1.07
191,2019-10-14,GPSC,SOUTH EAST ASIA UK (TYPE C) NOMINEES LIMITED,"11,597,900",78.50,0.77
192,2019-10-14,GULF,นาย สารัชถ์ รัตนาวะดี,"755,999,994",167.00,35.44
193,2019-10-14,GULF,UBS AG SINGAPORE BRANCH,"255,302,002",167.00,11.97
194,2019-10-14,GULF,GULF CAPITAL HOLDINGS LIMITED,"223,515,000",167.00,10.48
195,2019-10-14,GULF,GULF INVESTMENT AND TRADING PTE. LTD.,"159,000,002",167.00,7.45
196,2019-10-14,GULF,บริษัท  กัลฟ์ โฮลดิ้ง (ประเทศไทย) จำกัด,"100,000,002",167.00,4.69
197,2019-10-14,GULF,ASIAN DEVELOPMENT BANK,"64,000,000",167.00,3.00
198,2019-10-14,GULF,BANK OF SINGAPORE LIMITED-THB SEG AC,"59,003,100",167.00,2.77
199,2019-10-14,GULF,บริษัท  ไทยเอ็นวีดีอาร์ จำกัด,"56,982,034",167.00,2.67
200,2019-10-14,GULF,ธนาคาร  กรุงเทพ จำกัด (มหาชน),"47,500,000",167.00,2.23
201,2019-10-14,GULF,บริษัท  ซิโน-ไทย เอ็นจิเนียริ่ง แอนด์ คอนสตรัคชั่น จำกัด(มหาชน),"40,000,000",167.00,1.88
202,2019-10-14,HMPRO,บริษัท  แลนด์ แอนด์ เฮ้าส์ จำกัด (มหาชน),"3,975,878,432",16.90,30.23
203,2019-10-14,HMPRO,บริษัท  ควอลิตี้เฮ้าส์ จำกัด (มหาชน),"2,613,023,098",16.90,19.87
204,2019-10-14,HMPRO,บริษัท  ไทยเอ็นวีดีอาร์ จำกัด,"961,111,925",16.90,7.31
205,2019-10-14,HMPRO,นาย นิติ โอสถานุเคราะห์,"621,415,762",16.90,4.73
206,2019-10-14,HMPRO,สำนักงานประกันสังคม,"368,310,112",16.90,2.80
207,2019-10-14,HMPRO,นาย มานิต อุดมคุณธรรม,"269,989,197",16.90,2.05
208,2019-10-14,HMPRO,SOUTH EAST ASIA UK (TYPE C) NOMINEES LIMITED,"258,035,994",16.90,1.96
209,2019-10-14,HMPRO,STATE STREET EUROPE LIMITED,"241,374,375",16.90,1.84
210,2019-10-14,HMPRO,AIA COMPANY LIMITED-EQDI-D FUND 1,"189,700,080",16.90,1.44
211,2019-10-14,HMPRO,บริษัท  สารสิน จำกัด,"167,557,971",16.90,1.27
212,2019-10-14,INTUCH,SINGTEL GLOBAL INVESTMENT PTE. LTD.,"673,348,264",66.50,21.00
213,2019-10-14,INTUCH,บริษัท  ไทยเอ็นวีดีอาร์ จำกัด,"532,380,897",66.50,16.60
214,2019-10-14,INTUCH,THE HONGKONG AND SHANGHAI BANKING CORPORATION LIMITED,"320,283,660",66.50,9.99
215,2019-10-14,INTUCH,SOUTH EAST ASIA UK (TYPE C) NOMINEES LIMITED,"128,425,755",66.50,4.01
216,2019-10-14,INTUCH,สำนักงานประกันสังคม,"43,537,600",66.50,1.36
217,2019-10-14,INTUCH,กองทุนเปิด  กรุงศรีหุ้นระยะยาวปันผล,"38,737,100",66.50,1.21
218,2019-10-14,INTUCH,UBS AG LONDON BRANCH,"28,245,994",66.50,0.88
219,2019-10-14,INTUCH,นาย เพิ่มศักดิ์ เก่งมานะ,"27,829,500",66.50,0.87
220,2019-10-14,INTUCH,STATE STREET EUROPE LIMITED,"24,515,815",66.50,0.76
221,2019-10-14,INTUCH,กองทุนเปิด  กรุงศรีหุ้นปันผล,"20,869,600",66.50,0.65
222,2019-10-14,IRPC,บริษัท  ปตท. จำกัด (มหาชน),"9,819,694,600",3.64,48.05
223,2019-10-14,IRPC,บริษัท  ไทยเอ็นวีดีอาร์ จำกัด,"1,621,252,579",3.64,7.93
224,2019-10-14,IRPC,สำนักงานประกันสังคม,"360,851,700",3.64,1.77
225,2019-10-14,IRPC,SOUTH EAST ASIA UK (TYPE C) NOMINEES LIMITED,"357,102,861",3.64,1.75
226,2019-10-14,IRPC,STATE STREET EUROPE LIMITED,"335,602,294",3.64,1.64
227,2019-10-14,IRPC,กองทุนเปิด  กรุงศรีหุ้นระยะยาวปันผล,"252,999,100",3.64,1.24
228,2019-10-14,IRPC,THE BANK OF NEW YORK (NOMINEES) LIMITED,"209,435,175",3.64,1.02
229,2019-10-14,IRPC,กองทุนเปิด  กรุงศรีหุ้นปันผล,"139,462,500",3.64,0.68
230,2019-10-14,IRPC,"N.C.B.TRUST LIMITED-POLUNIN DEVELOPING COUNTRIES FUND, LLC","118,549,851",3.64,0.58
231,2019-10-14,IVL,บริษัท  อินโดรามา รีซอสเซส จำกัด,"3,504,991,318",33.00,62.43
232,2019-10-14,IVL,ธนาคาร  กรุงเทพ จำกัด (มหาชน),"270,905,264",33.00,4.83
233,2019-10-14,IVL,บริษัท  ไทยเอ็นวีดีอาร์ จำกัด,"268,214,266",33.00,4.78
234,2019-10-14,IVL,SOUTH EAST ASIA UK (TYPE C) NOMINEES LIMITED,"194,321,369",33.00,3.46
235,2019-10-14,IVL,CANOPUS INTERNATIONAL LIMITED,"130,000,000",33.00,2.32
236,2019-10-14,IVL,STATE STREET EUROPE LIMITED,"72,493,422",33.00,1.29
237,2019-10-14,IVL,GIC PRIVATE LIMITED,"48,233,390",33.00,0.86
238,2019-10-14,IVL,สำนักงานประกันสังคม,"47,268,400",33.00,0.84
239,2019-10-14,IVL,กองทุนรวม  วายุภักษ์หนึ่ง โดย บลจ.เอ็มเอฟซี จำกัด (มหาชน),"28,633,800",33.00,0.51
240,2019-10-14,IVL,กองทุนรวม  วายุภักษ์หนึ่ง โดย บลจ.กรุงไทย จำกัด (มหาชน),"28,633,800",33.00,0.51
241,2019-10-14,KBANK,บริษัท  ไทยเอ็นวีดีอาร์ จำกัด,"517,148,180",147.50,21.61
242,2019-10-14,KBANK,STATE STREET EUROPE LIMITED,"205,664,918",147.50,8.59
243,2019-10-14,KBANK,SOUTH EAST ASIA UK (TYPE C) NOMINEES LIMITED,"140,753,059",147.50,5.88
244,2019-10-14,KBANK,STATE STREET BANK AND TRUST COMPANY,"84,795,058",147.50,3.54
245,2019-10-14,KBANK,สำนักงานประกันสังคม,"69,043,300",147.50,2.88
246,2019-10-14,KBANK,BNY MELLON NOMINEES LIMITED,"58,437,157",147.50,2.44
247,2019-10-14,KBANK,THE BANK OF NEW YORK MELLON,"50,780,228",147.50,2.12
248,2019-10-14,KBANK,GIC PRIVATE LIMITED,"44,720,900",147.50,1.87
249,2019-10-14,KBANK,SOUTH EAST ASIA UK (TYPE A) NOMINEES LIMITED,"38,996,948",147.50,1.63
250,2019-10-14,KBANK,THE BANK OF NEW YORK (NOMINEES) LIMITED,"30,797,300",147.50,1.29
251,2019-10-14,KKP,บริษัท  ไทยเอ็นวีดีอาร์ จำกัด,"91,692,551",64.50,10.83
252,2019-10-14,KKP,น.ส. ฐิตินันท์ วัธนเวคิน,"35,532,761",64.50,4.20
253,2019-10-14,KKP,บริษัท  น้ำตาลตะวันออก จำกัด,"35,000,804",64.50,4.13
254,2019-10-14,KKP,บริษัท  โรงพยาบาลรามคำแหง จำกัด (มหาชน),"34,867,143",64.50,4.12
255,2019-10-14,KKP,SOUTH EAST ASIA UK (TYPE C) NOMINEES LIMITED,"29,737,295",64.50,3.51
256,2019-10-14,KKP,นาง วรรณสมร วรรณเมธี,"25,212,703",64.50,2.98
257,2019-10-14,KKP,บริษัท  โชติธนวัฒน์ จำกัด,"20,693,600",64.50,2.44
258,2019-10-14,KKP,น.ส. ญาภา เทพกาญจนา,"17,199,900",64.50,2.03
259,2019-10-14,KKP,นาง พนิดา เทพกาญจนา,"15,342,206",64.50,1.81
260,2019-10-14,KKP,SOUTH EAST ASIA UK (TYPE A) NOMINEES LIMITED,"15,198,522",64.50,1.79
261,2019-10-14,KTB,กองทุน  เพื่อการฟื้นฟูและพัฒนาระบบสถาบันการเงิน,"7,696,248,833",16.80,55.07
262,2019-10-14,KTB,บริษัท  ไทยเอ็นวีดีอาร์ จำกัด,"901,324,909",16.80,6.45
263,2019-10-14,KTB,STATE STREET EUROPE LIMITED,"406,284,349",16.80,2.91
264,2019-10-14,KTB,กองทุนรวม  วายุภักษ์หนึ่ง โดย บลจ.เอ็มเอฟซี จำกัด (มหาชน),"305,225,658",16.80,2.18
265,2019-10-14,KTB,กองทุนรวม  วายุภักษ์หนึ่ง โดย บลจ.กรุงไทย จำกัด (มหาชน),"305,225,657",16.80,2.18
266,2019-10-14,KTB,SOUTH EAST ASIA UK (TYPE C) NOMINEES LIMITED,"187,716,170",16.80,1.34
267,2019-10-14,KTB,ธนาคาร  ออมสิน,"122,723,922",16.80,0.88
268,2019-10-14,KTB,สหกรณ์ออมทรัพย์การไฟฟ้าฝ่ายผลิต แห่งประเทศไทย จำกัด,"103,975,400",16.80,0.74
269,2019-10-14,KTB,BNY MELLON NOMINEES LIMITED,"100,752,140",16.80,0.72
270,2019-10-14,KTB,THE BANK OF NEW YORK MELLON,"71,204,851",16.80,0.51
271,2019-10-14,KTC,ธนาคาร  กรุงไทย จำกัด (มหาชน),"1,275,000,000",41.50,49.45
272,2019-10-14,KTC,นาย มงคล ประกิตชัยวัฒนา,"433,129,000",41.50,16.80
273,2019-10-14,KTC,บริษัท  ไทยเอ็นวีดีอาร์ จำกัด,"131,851,151",41.50,5.11
274,2019-10-14,KTC,นาย สถาพร งามเรืองพงศ์,"128,509,000",41.50,4.98
275,2019-10-14,KTC,น.ส. ฉันทนา จิรัฐิติภัทร์,"125,373,000",41.50,4.86
276,2019-10-14,KTC,SOUTH EAST ASIA UK (TYPE C) NOMINEES LIMITED,"41,455,860",41.50,1.61
277,2019-10-14,KTC,นาง มณีรัตน์ งามเรืองพงศ์,"22,696,000",41.50,0.88
278,2019-10-14,KTC,นาย เกียรตินันท์ เด่นไพศาล,"21,121,700",41.50,0.82
279,2019-10-14,KTC,บริษัทหลักทรัพย์  เมย์แบงก์ กิมเอ็ง (ประเทศไทย) จำกัด (มหาชน),"19,581,000",41.50,0.76
280,2019-10-14,KTC,น.ส. รวิสรา งามรุ่งศิริ,"16,315,000",41.50,0.63
281,2019-10-14,LH,นาย อนันต์ อัศวโภคิน,"2,860,000,047",9.70,23.93
282,2019-10-14,LH,บริษัท  ไทยเอ็นวีดีอาร์ จำกัด,"2,201,249,923",9.70,18.42
283,2019-10-14,LH,บริษัท  เมย์แลนด์ จำกัด,"677,000,069",9.70,5.67
284,2019-10-14,LH,สำนักงานประกันสังคม,"426,607,440",9.70,3.57
285,2019-10-14,LH,STATE STREET EUROPE LIMITED,"334,833,682",9.70,2.80
286,2019-10-14,LH,THE BANK OF NEW YORK MELLON,"333,075,700",9.70,2.79
287,2019-10-14,LH,SOUTH EAST ASIA UK (TYPE C) NOMINEES LIMITED,"279,587,050",9.70,2.34
288,2019-10-14,LH,น.ส. เพียงใจ หาญพาณิชย์,"134,960,000",9.70,1.13
289,2019-10-14,LH,กองทุนเปิด  กรุงศรีหุ้นระยะยาวปันผล,"118,712,880",9.70,0.99
290,2019-10-14,LH,ธนาคาร  ไทยพาณิชย์ จำกัด (มหาชน),"109,944,630",9.70,0.92
291,2019-10-14,MINT,บริษัท  ไมเนอร์ โฮลดิ้ง (ไทย) จำกัด,"727,767,680",36.00,15.76
292,2019-10-14,MINT,บริษัท  ไทยเอ็นวีดีอาร์ จำกัด,"475,250,924",36.00,10.29
293,2019-10-14,MINT,UBS AG SINGAPORE BRANCH,"430,229,683",36.00,9.31
294,2019-10-14,MINT,นาย นิติ โอสถานุเคราะห์,"365,954,851",36.00,7.92
295,2019-10-14,MINT,"CREDIT SUISSE AG, SINGAPORE BRANCH","200,200,000",36.00,4.33
296,2019-10-14,MINT,SOUTH EAST ASIA UK (TYPE C) NOMINEES LIMITED,"163,676,648",36.00,3.54
297,2019-10-14,MINT,นาย วิลเลียม เอ็ลล์วู๊ด ไฮเน็ค,"149,014,321",36.00,3.23
298,2019-10-14,MINT,RAFFLES NOMINEES (PTE) LIMITED,"137,939,232",36.00,2.99
299,2019-10-14,MINT,สำนักงานประกันสังคม,"118,137,319",36.00,2.56
300,2019-10-14,MINT,BANQUE PICTET & CIE SA,"101,676,050",36.00,2.20
301,2019-10-14,MTC,นาง ดาวนภา เพชรอำไพ,"720,000,000",58.50,33.96
302,2019-10-14,MTC,นาย ชูชาติ เพ็ชรอำไพ,"710,056,400",58.50,33.49
303,2019-10-14,MTC,บริษัท  ไทยเอ็นวีดีอาร์ จำกัด,"107,462,633",58.50,5.07
304,2019-10-14,MTC,SOUTH EAST ASIA UK (TYPE C) NOMINEES LIMITED,"51,790,500",58.50,2.44
305,2019-10-14,MTC,STATE STREET EUROPE LIMITED,"42,028,174",58.50,1.98
306,2019-10-14,MTC,นาง ขวัญตา เวศย์วรุตม์,"28,130,000",58.50,1.33
307,2019-10-14,MTC,บริษัท  ไทยประกันชีวิต จำกัด (มหาชน),"18,558,400",58.50,0.88
308,2019-10-14,MTC,กองทุนเปิด  กรุงศรีหุ้นระยะยาวปันผล,"14,931,400",58.50,0.70
309,2019-10-14,MTC,กองทุนเปิด  เค 20 ซีเล็คท์หุ้นระยะยาวปันผล,"12,148,800",58.50,0.57
310,2019-10-14,OSP,ORIZON LIMITED,"537,148,600",37.50,17.88
311,2019-10-14,OSP,นาย นิติ โอสถานุเคราะห์,"489,081,300",37.50,16.28
312,2019-10-14,OSP,นาย รัตน์ โอสถานุเคราะห์,"152,953,700",37.50,5.09
313,2019-10-14,OSP,นาย เพชร โอสถานุเคราะห์,"149,735,700",37.50,4.98
314,2019-10-14,OSP,ร้อยตรี เสรี โอสถานุเคราะห์,"117,627,500",37.50,3.92
315,2019-10-14,OSP,Y INVESTMENT LTD.,"90,000,000",37.50,3.00
316,2019-10-14,OSP,นาย ธัชรินทร์ โอสถานุเคราะห์,"87,448,000",37.50,2.91
317,2019-10-14,OSP,นาย ภาสุรี โอสถานุเคราะห์,"87,395,000",37.50,2.91
318,2019-10-14,OSP,น.ส. เกสรา โอสถานุเคราะห์,"84,395,000",37.50,2.81
319,2019-10-14,OSP,CLMV THAILAND INVESTMENT LIMITED,"64,850,000",37.50,2.16
320,2019-10-14,PTT,กระทรวงการคลัง,"14,598,855,750",45.25,51.11
321,2019-10-14,PTT,บริษัท  ไทยเอ็นวีดีอาร์ จำกัด,"2,073,795,273",45.25,7.26
322,2019-10-14,PTT,กองทุนรวม  วายุภักษ์หนึ่ง โดย บลจ.เอ็มเอฟซี จำกัด (มหาชน),"1,736,895,500",45.25,6.08
323,2019-10-14,PTT,กองทุนรวม  วายุภักษ์หนึ่ง โดย บลจ.กรุงไทย จำกัด (มหาชน),"1,736,895,500",45.25,6.08
324,2019-10-14,PTT,SOUTH EAST ASIA UK (TYPE C) NOMINEES LIMITED,"568,711,959",45.25,1.99
325,2019-10-14,PTT,STATE STREET EUROPE LIMITED,"455,455,468",45.25,1.59
326,2019-10-14,PTT,สำนักงานประกันสังคม,"409,174,100",45.25,1.43
327,2019-10-14,PTT,THE BANK OF NEW YORK (NOMINEES) LIMITED,"251,746,650",45.25,0.88
328,2019-10-14,PTT,GIC PRIVATE LIMITED,"240,433,200",45.25,0.84
329,2019-10-14,PTTEP,บริษัท  ปตท. จำกัด (มหาชน),"2,591,860,489",122.50,65.29
330,2019-10-14,PTTEP,บริษัท  ไทยเอ็นวีดีอาร์ จำกัด,"296,244,889",122.50,7.46
331,2019-10-14,PTTEP,SOUTH EAST ASIA UK (TYPE C) NOMINEES LIMITED,"78,657,533",122.50,1.98
332,2019-10-14,PTTEP,STATE STREET EUROPE LIMITED,"76,580,630",122.50,1.93
333,2019-10-14,PTTEP,สำนักงานประกันสังคม,"39,992,477",122.50,1.01
334,2019-10-14,PTTEP,THE BANK OF NEW YORK MELLON,"39,719,087",122.50,1.00
335,2019-10-14,PTTEP,THE BANK OF NEW YORK (NOMINEES) LIMITED,"26,142,253",122.50,0.66
336,2019-10-14,PTTEP,สหกรณ์ออมทรัพย์การไฟฟ้าฝ่ายผลิตแห่งประเทศไทย จำกัด,"23,231,300",122.50,0.59
337,2019-10-14,PTTEP,GIC PRIVATE LIMITED,"21,441,832",122.50,0.54
338,2019-10-14,PTTEP,SE ASIA (TYPE B) NOMINEES LLC,"20,060,585",122.50,0.51
339,2019-10-14,PTTGC,บริษัท  ปตท. จำกัด (มหาชน),"2,149,920,915",52.75,47.68
340,2019-10-14,PTTGC,บริษัท  ไทยเอ็นวีดีอาร์ จำกัด,"359,474,834",52.75,7.97
341,2019-10-14,PTTGC,บริษัท  เอ็ชเอ็มซี โปลีเมอส์ จำกัด,"83,427,636",52.75,1.85
342,2019-10-14,PTTGC,SOUTH EAST ASIA UK (TYPE C) NOMINEES LIMITED,"81,907,228",52.75,1.82
343,2019-10-14,PTTGC,STATE STREET EUROPE LIMITED,"81,592,700",52.75,1.81
344,2019-10-14,PTTGC,THE BANK OF NEW YORK MELLON,"69,165,346",52.75,1.53
345,2019-10-14,PTTGC,สำนักงานประกันสังคม,"55,195,851",52.75,1.22
346,2019-10-14,PTTGC,NORTRUST NOMINEES LIMITED-NT0 SEC LENDING THAILAND CL AC,"50,585,514",52.75,1.12
347,2019-10-14,PTTGC,บริษัท  กรุงเทพ ซินธิติกส์ จำกัด,"43,420,625",52.75,0.96
348,2019-10-14,PTTGC,GIC PRIVATE LIMITED,"38,652,029",52.75,0.86
349,2019-10-14,RATCH,การไฟฟ้าฝ่ายผลิตแห่งประเทศไทย,"652,500,000",72.25,45.00
350,2019-10-14,RATCH,บริษัท  ไทยเอ็นวีดีอาร์ จำกัด,"209,920,360",72.25,14.48
351,2019-10-14,RATCH,สำนักงานประกันสังคม,"48,475,300",72.25,3.34
352,2019-10-14,RATCH,SOUTH EAST ASIA UK (TYPE C) NOMINEES LIMITED,"41,350,589",72.25,2.85
353,2019-10-14,RATCH,STATE STREET EUROPE LIMITED,"35,326,894",72.25,2.44
354,2019-10-14,RATCH,สหกรณ์ออมทรัพย์การไฟฟ้าฝ่ายผลิตแห่งประเทศไทย จำกัด,"21,613,600",72.25,1.49
355,2019-10-14,RATCH,นาย มิน เธียรวร,"20,500,000",72.25,1.41
356,2019-10-14,RATCH,AIA COMPANY LIMITED-EQDP-D FUND 1,"16,726,000",72.25,1.15
357,2019-10-14,ROBINS,บริษัท  เซ็นทรัล รีเทล คอร์ปอเรชั่น จำกัด,"308,162,660",65.00,27.75
358,2019-10-14,ROBINS,บริษัท  ซี.อาร์.จี.บริการ จำกัด,"289,645,488",65.00,26.08
359,2019-10-14,ROBINS,บริษัท  ไทยเอ็นวีดีอาร์ จำกัด,"72,225,413",65.00,6.50
360,2019-10-14,ROBINS,สำนักงานประกันสังคม,"53,026,700",65.00,4.77
361,2019-10-14,ROBINS,นาย สุทธิลักษณ์ จิราธิวัฒน์,"26,615,996",65.00,2.40
362,2019-10-14,ROBINS,SOUTH EAST ASIA UK (TYPE C) NOMINEES LIMITED,"16,842,895",65.00,1.52
363,2019-10-14,ROBINS,DBS BANK LTD,"15,570,500",65.00,1.40
364,2019-10-14,ROBINS,"CREDIT SUISSE AG, SINGAPORE BRANCH","14,988,565",65.00,1.35
365,2019-10-14,ROBINS,VIELLA ASSETS LTD.,"14,578,677",65.00,1.31
366,2019-10-14,ROBINS,STATE STREET EUROPE LIMITED,"11,553,262",65.00,1.04
367,2019-10-14,SAWAD,น.ส. ธิดา แก้วบุตตา,"242,144,612",59.50,20.10
368,2019-10-14,SAWAD,บริษัท  ไทยเอ็นวีดีอาร์ จำกัด,"122,951,200",59.50,10.21
369,2019-10-14,SAWAD,SOUTH EAST ASIA UK (TYPE A) NOMINEES LIMITED,"114,388,416",59.50,9.49
370,2019-10-14,SAWAD,น.ส. ดวงใจ แก้วบุตตา,"88,141,959",59.50,7.32
371,2019-10-14,SAWAD,นาง จริยา แก้วบุตตา,"71,413,600",59.50,5.93
372,2019-10-14,SAWAD,"CREDIT SUISSE AG, SINGAPORE BRANCH","57,384,809",59.50,4.76
373,2019-10-14,SAWAD,UBS AG HONG KONG BRANCH,"54,888,888",59.50,4.56
374,2019-10-14,SAWAD,SOUTH EAST ASIA UK (TYPE C) NOMINEES LIMITED,"49,642,400",59.50,4.12
375,2019-10-14,SAWAD,LGT BANK (SINGAPORE) LTD,"36,966,240",59.50,3.07
376,2019-10-14,SAWAD,STATE STREET EUROPE LIMITED,"32,592,215",59.50,2.71
377,2019-10-14,SCB,พระบาทสมเด็จพระวชิรเกล้าเจ้าอยู่หัว,"793,832,359",115.00,23.38
378,2019-10-14,SCB,กองทุนรวม  วายุภักษ์หนึ่ง โดย บลจ.เอ็มเอฟซี จำกัด (มหาชน),"392,649,100",115.00,11.56
379,2019-10-14,SCB,กองทุนรวม  วายุภักษ์หนึ่ง โดย บลจ.กรุงไทย จำกัด (มหาชน),"392,649,100",115.00,11.56
380,2019-10-14,SCB,บริษัท  ไทยเอ็นวีดีอาร์ จำกัด,"322,771,005",115.00,9.51
381,2019-10-14,SCB,SOUTH EAST ASIA UK (TYPE C) NOMINEES LIMITED,"114,910,655",115.00,3.38
382,2019-10-14,SCB,STATE STREET EUROPE LIMITED,"107,342,695",115.00,3.16
383,2019-10-14,SCB,สำนักงานประกันสังคม,"93,348,100",115.00,2.75
384,2019-10-14,SCB,SE ASIA (TYPE B) NOMINEES LLC,"55,847,231",115.00,1.64
385,2019-10-14,SCB,NORTRUST NOMINEES LTD-CL AC,"49,392,762",115.00,1.45
386,2019-10-14,SCB,THE BANK OF NEW YORK MELLON,"42,848,065",115.00,1.26
387,2019-10-14,SCC,พระบาทสมเด็จพระวชิรเกล้าเจ้าอยู่หัว,"403,647,840",372.00,33.64
388,2019-10-14,SCC,บริษัท  ไทยเอ็นวีดีอาร์ จำกัด,"121,184,088",372.00,10.10
389,2019-10-14,SCC,สำนักงานประกันสังคม,"49,606,350",372.00,4.13
390,2019-10-14,SCC,STATE STREET EUROPE LIMITED,"48,815,499",372.00,4.07
391,2019-10-14,SCC,SOUTH EAST ASIA UK (TYPE C) NOMINEES LIMITED,"37,492,552",372.00,3.12
392,2019-10-14,SCC,บริษัท  แรนเดอรีเบอรามาการ จำกัด,"15,105,600",372.00,1.26
393,2019-10-14,SCC,มูลนิธิเอสซีจี,"13,347,300",372.00,1.11
394,2019-10-14,SCC,NORTRUST NOMINEES LIMITED-NT0 SEC LENDING THAILAND CL AC,"11,640,831",372.00,0.97
395,2019-10-14,SCC,THE BANK OF NEW YORK MELLON,"10,396,932",372.00,0.87
396,2019-10-14,SCC,SOUTH EAST ASIA UK (TYPE A) NOMINEES LIMITED,"9,935,873",372.00,0.83
397,2019-10-14,TCAP,บริษัท  ไทยเอ็นวีดีอาร์ จำกัด,"167,894,284",52.75,14.41
398,2019-10-14,TCAP,บริษัท  เอ็ม บี เค จำกัด (มหาชน),"129,914,400",52.75,11.15
399,2019-10-14,TCAP,STATE STREET EUROPE LIMITED,"71,623,721",52.75,6.15
400,2019-10-14,TCAP,SOUTH EAST ASIA UK (TYPE C) NOMINEES LIMITED,"28,603,000",52.75,2.45
401,2019-10-14,TCAP,N.C.B.TRUST LIMITED-NORGES BANK 5,"27,863,800",52.75,2.39
402,2019-10-14,TCAP,BNY MELLON NOMINEES LIMITED,"26,715,374",52.75,2.29
403,2019-10-14,TCAP,บริษัท  ทุนธนชาต จำกัด (มหาชน),"19,467,000",52.75,1.67
404,2019-10-14,TCAP,MR. HENDRIK ROBERTUS CASTENDIJK,"18,943,100",52.75,1.63
405,2019-10-14,TCAP,SE ASIA (TYPE B) NOMINEES LLC,"18,733,617",52.75,1.61
406,2019-10-14,TCAP,กองทุนเปิด  กรุงศรีหุ้นระยะยาวปันผล,"16,200,200",52.75,1.39
407,2019-10-14,TISCO,บริษัท  ไทยเอ็นวีดีอาร์ จำกัด,"106,780,074",100.00,13.34
408,2019-10-14,TISCO,CDIB & PARTNERS INVESTMENT HOLDING PTE.LTD.,"80,065,320",100.00,10.00
409,2019-10-14,TISCO,SOUTH EAST ASIA UK (TYPE C) NOMINEES LIMITED,"51,678,897",100.00,6.45
410,2019-10-14,TISCO,TOKYO CENTURY CORPORATION,"39,482,767",100.00,4.93
411,2019-10-14,TISCO,STATE STREET EUROPE LIMITED,"37,508,050",100.00,4.68
412,2019-10-14,TISCO,สำนักงานประกันสังคม,"25,051,330",100.00,3.13
413,2019-10-14,TISCO,กองทุนเปิด  กรุงศรีหุ้นระยะยาวปันผล,"22,279,600",100.00,2.78
414,2019-10-14,TISCO,BNY MELLON NOMINEES LIMITED,"12,799,470",100.00,1.60
415,2019-10-14,TISCO,นาย ประเสริฐ วีรเสถียรพรกุล,"12,688,800",100.00,1.58
416,2019-10-14,TISCO,กองทุนเปิด  กรุงศรีหุ้นปันผล,"11,884,350",100.00,1.48
417,2019-10-14,TMB,กระทรวงการคลัง,"11,364,282,005",1.49,25.92
418,2019-10-14,TMB,ING BANK N.V.,"10,970,893,359",1.49,25.02
419,2019-10-14,TMB,บริษัท  ไทยเอ็นวีดีอาร์ จำกัด,"4,802,062,226",1.49,10.95
420,2019-10-14,TMB,SOUTH EAST ASIA UK (TYPE C) NOMINEES LIMITED,"757,735,144",1.49,1.73
421,2019-10-14,TMB,นาง สมพร จึงรุ่งเรืองกิจ,"633,000,000",1.49,1.44
422,2019-10-14,TMB,กองทัพบก,"546,487,860",1.49,1.25
423,2019-10-14,TMB,MORGAN STANLEY & CO. INTERNATIONAL PLC,"406,144,764",1.49,0.93
424,2019-10-14,TMB,STATE STREET EUROPE LIMITED,"364,694,576",1.49,0.83
425,2019-10-14,TMB,N.C.B.TRUST LIMITED-NORGES BANK 5,"277,659,000",1.49,0.63
426,2019-10-14,TMB,GIC PRIVATE LIMITED,"229,810,639",1.49,0.52
427,2019-10-14,TOA,บริษัท  ทีโอเอ กรุ๊ป โฮลดิ้ง จำกัด,"608,400,000",40.75,29.99
428,2019-10-14,TOA,นาย วนรัชต์ ตั้งคารวคุณ,"182,600,000",40.75,9.00
429,2019-10-14,TOA,นาย ณัฏฐวุฒิ ตั้งคารวคุณ,"182,600,000",40.75,9.00
430,2019-10-14,TOA,นาง บุศทรี หวั่งหลี,"182,600,000",40.75,9.00
431,2019-10-14,TOA,นาย จตุภัทร์ ตั้งคารวคุณ,"182,600,000",40.75,9.00
432,2019-10-14,TOA,นาย ประจักษ์ ตั้งคารวคุณ,"91,300,000",40.75,4.50
433,2019-10-14,TOA,นาง ละออ ตั้งคารวคุณ,"91,300,000",40.75,4.50
434,2019-10-14,TOA,MORGAN STANLEY & CO. INTERNATIONAL PLC,"75,300,000",40.75,3.71
435,2019-10-14,TOA,กองทุนเปิด  บัวหลวงหุ้นระยะยาว,"48,094,200",40.75,2.37
436,2019-10-14,TOA,กองทุนเปิด  บัวหลวงทศพล,"30,726,600",40.75,1.51
437,2019-10-14,TOP,บริษัท  ปตท. จำกัด (มหาชน),"969,565,183",70.00,47.53
438,2019-10-14,TOP,บริษัท  ไทยเอ็นวีดีอาร์ จำกัด,"186,051,902",70.00,9.12
439,2019-10-14,TOP,SOUTH EAST ASIA UK (TYPE C) NOMINEES LIMITED,"80,998,540",70.00,3.97
440,2019-10-14,TOP,STATE STREET EUROPE LIMITED,"78,459,654",70.00,3.85
441,2019-10-14,TOP,สำนักงานประกันสังคม,"33,528,000",70.00,1.64
442,2019-10-14,TOP,THE BANK OF NEW YORK (NOMINEES) LIMITED,"20,037,542",70.00,0.98
443,2019-10-14,TOP,THE BANK OF NEW YORK MELLON,"19,112,200",70.00,0.94
444,2019-10-14,TOP,SOUTH EAST ASIA UK (TYPE A) NOMINEES LIMITED,"18,456,477",70.00,0.90
445,2019-10-14,TOP,GIC PRIVATE LIMITED,"13,247,800",70.00,0.65
446,2019-10-14,TOP,กองทุนเปิด  กรุงศรีหุ้นระยะยาวปันผล,"10,933,600",70.00,0.54
447,2019-10-14,TRUE,บริษัท  เครือเจริญโภคภัณฑ์ จำกัด,"6,132,085,556",5.30,18.38
448,2019-10-14,TRUE,CHINA MOBILE INTERNATIONAL HOLDINGS LIMITED,"4,495,868,474",5.30,13.47
449,2019-10-14,TRUE,UBS AG HONG KONG BRANCH,"3,008,177,480",5.30,9.02
450,2019-10-14,TRUE,บริษัท  ไทยเอ็นวีดีอาร์ จำกัด,"2,037,722,864",5.30,6.11
451,2019-10-14,TRUE,CHINA MOBILE INTERNATIONAL HOLDINGS LIMITED,"1,510,489,392",5.30,4.53
452,2019-10-14,TRUE,"CREDIT SUISSE AG, SINGAPORE BRANCH","1,465,475,770",5.30,4.39
453,2019-10-14,TRUE,บริษัท  ยูนีค เน็ตเวิร์ค จำกัด,"1,451,856,440",5.30,4.35
454,2019-10-14,TRUE,WORTH ACCESS TRADING LIMITED,"1,017,598,244",5.30,3.05
455,2019-10-14,TRUE,บริษัท  ไวด์ บรอด คาสท์ จำกัด,"949,098,378",5.30,2.84
456,2019-10-14,TRUE,บริษัท  ซี.พี.อินเตอร์ฟู้ด (ไทยแลนด์) จำกัด,"701,222,313",5.30,2.10
457,2019-10-14,TU,บริษัท  ไทยเอ็นวีดีอาร์ จำกัด,"553,356,986",15.50,11.60
458,2019-10-14,TU,สำนักงานประกันสังคม,"342,498,708",15.50,7.18
459,2019-10-14,TU,MITSUBISHI CORPORATION,"218,145,120",15.50,4.57
460,2019-10-14,TU,นาย เชง นิรุตตินานนท์,"200,442,084",15.50,4.20
461,2019-10-14,TU,นาย ธีรพงศ์ จันศิริ,"198,268,824",15.50,4.16
462,2019-10-14,TU,นาย ไกรสร จันศิริ,"174,804,288",15.50,3.66
463,2019-10-14,TU,STATE STREET EUROPE LIMITED,"141,251,255",15.50,2.96
464,2019-10-14,TU,MITSUBISHI CORPORATION,"129,600,000",15.50,2.72
465,2019-10-14,TU,นาย ดิสพล จันศิริ,"123,499,308",15.50,2.59
466,2019-10-14,TU,กองทุนเปิด  บัวหลวงหุ้นระยะยาว,"121,585,400",15.50,2.55
467,2019-10-14,WHA,บริษัท  ดับบลิวเอชเอ โฮลดิ้ง จำกัด,"3,629,083,491",4.78,25.22
468,2019-10-14,WHA,น.ส. จรีพร จารุกรสกุล,"1,473,761,769",4.78,10.24
469,2019-10-14,WHA,STATE STREET EUROPE LIMITED,"1,157,524,817",4.78,8.04
470,2019-10-14,WHA,นาย สมยศ อนันตประยูร,"974,467,458",4.78,6.77
471,2019-10-14,WHA,บริษัท  ไทยเอ็นวีดีอาร์ จำกัด,"696,216,977",4.78,4.84
472,2019-10-14,WHA,กองทุนเปิด  บัวหลวงทศพล,"301,703,500",4.78,2.10
473,2019-10-14,WHA,กองทุนเปิด  บัวหลวงหุ้นระยะยาว,"263,651,500",4.78,1.83
474,2019-10-14,WHA,UBS AG SINGAPORE BRANCH,"241,247,710",4.78,1.68
475,2019-10-14,WHA,SOUTH EAST ASIA UK (TYPE C) NOMINEES LIMITED,"181,166,401",4.78,1.26
476,2019-10-14,WHA,นาย สัญชัย สุขสมชีวิน,"144,035,396",4.78,1.00
